-- --------------------------------------------------------
-- Host:                         127.0.0.1
-- Versión del servidor:         10.4.32-MariaDB - mariadb.org binary distribution
-- SO del servidor:              Win64
-- HeidiSQL Versión:             12.6.0.6765
-- --------------------------------------------------------

/*!40101 SET @OLD_CHARACTER_SET_CLIENT=@@CHARACTER_SET_CLIENT */;
/*!40101 SET NAMES utf8 */;
/*!50503 SET NAMES utf8mb4 */;
/*!40103 SET @OLD_TIME_ZONE=@@TIME_ZONE */;
/*!40103 SET TIME_ZONE='+00:00' */;
/*!40014 SET @OLD_FOREIGN_KEY_CHECKS=@@FOREIGN_KEY_CHECKS, FOREIGN_KEY_CHECKS=0 */;
/*!40101 SET @OLD_SQL_MODE=@@SQL_MODE, SQL_MODE='NO_AUTO_VALUE_ON_ZERO' */;
/*!40111 SET @OLD_SQL_NOTES=@@SQL_NOTES, SQL_NOTES=0 */;


-- Volcando estructura de base de datos para inadex
CREATE DATABASE IF NOT EXISTS `inadex` /*!40100 DEFAULT CHARACTER SET utf8mb4 COLLATE utf8mb4_general_ci */;
USE `inadex`;

-- Volcando estructura para tabla inadex.equipo
CREATE TABLE IF NOT EXISTS `equipo` (
  `Nombre_E` varchar(50) DEFAULT NULL,
  `Id_E` int(11) NOT NULL DEFAULT 0,
  PRIMARY KEY (`Id_E`)
) ENGINE=InnoDB DEFAULT CHARSET=utf8mb4 COLLATE=utf8mb4_general_ci;

-- Volcando datos para la tabla inadex.equipo: ~14 rows (aproximadamente)
INSERT INTO `equipo` (`Nombre_E`, `Id_E`) VALUES
	('Royal_Academy', 1),
	('Raimon', 2),
	('Wild', 3),
	('Farm', 4),
	('Otaku', 5),
	('RaimonOG', 6),
	('Shuriken', 7),
	('Sallys_Street', 8),
	('Umbrella', 9),
	('Zeus', 10),
	('Kirkwood', 11),
	('Occult', 12),
	('Inazuma_Kids_FC', 13),
	('Brainwashing', 14);

-- Volcando estructura para tabla inadex.equipo_jugador_posicion
CREATE TABLE IF NOT EXISTS `equipo_jugador_posicion` (
  `Id_E` int(11) NOT NULL,
  `Id_J` int(11) NOT NULL,
  `posX` int(11) NOT NULL,
  `posY` int(11) NOT NULL,
  `nombreX` int(11) NOT NULL,
  `nombreY` int(11) NOT NULL,
  PRIMARY KEY (`Id_E`,`Id_J`),
  KEY `Id_J` (`Id_J`),
  CONSTRAINT `equipo_jugador_posicion_ibfk_1` FOREIGN KEY (`Id_E`) REFERENCES `equipo` (`Id_E`) ON DELETE CASCADE ON UPDATE CASCADE,
  CONSTRAINT `equipo_jugador_posicion_ibfk_2` FOREIGN KEY (`Id_J`) REFERENCES `jugador` (`Id_J`) ON DELETE CASCADE ON UPDATE CASCADE
) ENGINE=InnoDB DEFAULT CHARSET=utf8mb4 COLLATE=utf8mb4_general_ci;

-- Volcando datos para la tabla inadex.equipo_jugador_posicion: ~173 rows (aproximadamente)
INSERT INTO `equipo_jugador_posicion` (`Id_E`, `Id_J`, `posX`, `posY`, `nombreX`, `nombreY`) VALUES
	(1, 111, 20, 60, 28, 180),
	(1, 112, 20, 210, 20, 330),
	(1, 113, 10, 480, 10, 610),
	(1, 114, 20, 350, 20, 480),
	(1, 115, 10, 630, 10, 750),
	(1, 116, 20, 640, 10, 750),
	(1, 117, 220, 400, 220, 530),
	(1, 118, 300, 530, 300, 660),
	(1, 119, 390, 390, 390, 520),
	(1, 120, 460, 670, 470, 800),
	(1, 121, 470, 680, 480, 810),
	(1, 122, 540, 280, 550, 410),
	(1, 123, 570, 600, 580, 720),
	(1, 124, 310, 760, 320, 880),
	(1, 125, 140, 90, 150, 210),
	(2, 81, 100, 200, 110, 320),
	(2, 82, 200, 300, 210, 420),
	(2, 83, 300, 400, 310, 520),
	(2, 85, 400, 500, 410, 620),
	(2, 86, 500, 600, 510, 720),
	(2, 88, 600, 700, 610, 820),
	(2, 89, 700, 800, 710, 920),
	(2, 90, 800, 900, 810, 1020),
	(2, 91, 900, 1000, 910, 1120),
	(2, 92, 1000, 1100, 1010, 1220),
	(2, 93, 1100, 1200, 1110, 1320),
	(2, 94, 1200, 1300, 1210, 1420),
	(3, 171, 20, 150, 20, 280),
	(3, 172, 17, 315, 20, 440),
	(3, 173, 20, 450, 20, 580),
	(3, 174, 17, 612, 20, 740),
	(3, 175, 290, 680, 290, 810),
	(3, 176, 20, 280, 20, 410),
	(3, 177, 20, 440, 20, 570),
	(3, 178, 20, 580, 20, 710),
	(3, 179, 20, 730, 20, 860),
	(3, 181, 550, 280, 550, 410),
	(3, 182, 570, 600, 580, 720),
	(3, 183, 310, 760, 320, 880),
	(3, 184, 140, 90, 150, 210),
	(3, 185, 320, 390, 320, 510),
	(3, 186, 460, 670, 470, 800),
	(5, 66, 20, 130, 10, 260),
	(5, 67, 140, 660, 150, 790),
	(5, 68, 20, 600, 30, 730),
	(5, 69, 10, 440, 20, 570),
	(5, 70, 300, 760, 310, 890),
	(5, 72, 20, 280, 30, 410),
	(5, 73, 50, 470, 60, 600),
	(5, 74, 560, 470, 570, 600),
	(5, 75, 540, 120, 550, 250),
	(5, 76, 80, 110, 90, 240),
	(5, 77, 480, 280, 490, 410),
	(5, 78, 300, 160, 310, 290),
	(5, 79, 160, 280, 170, 410),
	(5, 80, 20, 60, 30, 190),
	(6, 98, 20, 310, 30, 440),
	(6, 99, 120, 410, 130, 540),
	(6, 100, 220, 510, 230, 640),
	(6, 101, 320, 610, 330, 740),
	(6, 102, 420, 710, 430, 840),
	(6, 103, 520, 810, 530, 940),
	(6, 104, 620, 910, 630, 1040),
	(6, 105, 720, 1010, 730, 1140),
	(6, 106, 820, 1110, 830, 1240),
	(6, 107, 920, 1210, 930, 1340),
	(6, 108, 1020, 1310, 1030, 1440),
	(6, 109, 300, 500, 310, 630),
	(6, 110, 400, 500, 410, 630),
	(7, 126, 20, 100, 30, 230),
	(7, 127, 120, 200, 130, 330),
	(7, 128, 220, 300, 230, 430),
	(7, 129, 320, 400, 330, 530),
	(7, 130, 420, 500, 430, 630),
	(7, 131, 520, 600, 530, 730),
	(7, 132, 620, 700, 630, 830),
	(7, 134, 720, 800, 730, 930),
	(7, 135, 750, 460, 760, 590),
	(7, 136, 500, 220, 510, 340),
	(7, 139, 110, 30, 120, 160),
	(7, 140, 820, 900, 830, 1030),
	(8, 142, 20, 100, 30, 230),
	(8, 143, 120, 200, 130, 330),
	(8, 145, 220, 300, 230, 430),
	(8, 146, 320, 400, 330, 530),
	(8, 147, 420, 500, 430, 630),
	(8, 148, 520, 600, 530, 730),
	(8, 149, 620, 700, 630, 830),
	(8, 150, 720, 800, 730, 930),
	(8, 151, 820, 900, 830, 1030),
	(8, 152, 920, 1000, 930, 1130),
	(8, 153, 1020, 1100, 1030, 1230),
	(8, 154, 1120, 1200, 1130, 1330),
	(8, 155, 1220, 1300, 1230, 1430),
	(8, 164, 1320, 1400, 1330, 1530),
	(9, 156, 310, 760, 320, 890),
	(9, 158, 410, 860, 420, 990),
	(9, 159, 510, 960, 520, 1090),
	(9, 160, 610, 1060, 620, 1190),
	(9, 161, 710, 1160, 720, 1290),
	(9, 162, 810, 1260, 820, 1390),
	(9, 163, 910, 1360, 920, 1490),
	(9, 164, 1010, 1460, 1020, 1590),
	(9, 165, 1110, 1560, 1120, 1690),
	(9, 166, 1210, 1660, 1220, 1790),
	(9, 167, 1310, 1760, 1320, 1890),
	(9, 168, 1410, 1860, 1420, 1990),
	(9, 170, 1510, 1960, 1520, 2090),
	(9, 203, 600, 400, 610, 530),
	(9, 204, 70, 630, 80, 760),
	(10, 187, 760, 50, 770, 180),
	(10, 188, 60, 500, 70, 630),
	(10, 189, 550, 500, 560, 630),
	(10, 190, 170, 640, 180, 770),
	(10, 191, 460, 650, 470, 780),
	(10, 192, 760, 340, 770, 470),
	(10, 193, 760, 490, 770, 620),
	(10, 194, 110, 140, 120, 270),
	(10, 195, 760, 620, 770, 750),
	(10, 196, 440, 320, 450, 450),
	(10, 197, 180, 340, 190, 470),
	(10, 198, 480, 160, 490, 290),
	(10, 199, 300, 60, 310, 190),
	(10, 200, 760, 200, 770, 330),
	(10, 201, 310, 230, 320, 360),
	(10, 202, 300, 760, 310, 890),
	(12, 49, 10, 130, 20, 260),
	(12, 50, 10, 430, 20, 560),
	(12, 51, 10, 580, 20, 710),
	(12, 52, 10, 280, 20, 410),
	(12, 53, 10, 710, 20, 840),
	(12, 54, 10, 260, 20, 390),
	(12, 55, 10, 560, 20, 690),
	(12, 56, 10, 410, 20, 540),
	(12, 57, 10, 90, 20, 220),
	(12, 58, 10, 130, 20, 260),
	(12, 59, 10, 430, 20, 560),
	(12, 60, 10, 580, 20, 710),
	(12, 61, 10, 280, 20, 410),
	(12, 62, 10, 710, 20, 840),
	(12, 64, 10, 260, 20, 390),
	(13, 33, 310, 760, 310, 824),
	(13, 34, 20, 60, 20, 124),
	(13, 35, 40, 600, 40, 664),
	(13, 36, 470, 680, 470, 744),
	(13, 37, 570, 600, 570, 664),
	(13, 38, 160, 680, 160, 744),
	(13, 39, 300, 530, 300, 594),
	(13, 40, 20, 640, 20, 704),
	(13, 41, 30, 280, 30, 344),
	(13, 42, 300, 380, 300, 444),
	(13, 43, 550, 280, 550, 344),
	(13, 44, 20, 200, 20, 264),
	(13, 45, 10, 350, 10, 414),
	(13, 46, 150, 80, 150, 144),
	(13, 47, 10, 490, 10, 554),
	(13, 48, 470, 80, 470, 144),
	(14, 1, 310, 760, 320, 880),
	(14, 2, 750, 50, 760, 180),
	(14, 3, 750, 620, 760, 750),
	(14, 4, 540, 630, 560, 750),
	(14, 5, 50, 620, 70, 750),
	(14, 6, 210, 640, 220, 760),
	(14, 7, 380, 630, 390, 760),
	(14, 8, 750, 200, 760, 320),
	(14, 9, 750, 330, 760, 460),
	(14, 10, 560, 370, 570, 490),
	(14, 11, 400, 370, 410, 490),
	(14, 12, 230, 370, 240, 490),
	(14, 13, 50, 350, 60, 480),
	(14, 14, 750, 480, 760, 600),
	(14, 15, 170, 80, 180, 210),
	(14, 16, 450, 80, 460, 210);

-- Volcando estructura para tabla inadex.jugador
CREATE TABLE IF NOT EXISTS `jugador` (
  `Id_J` int(11) NOT NULL DEFAULT 0,
  `Nombre_J` varchar(50) DEFAULT NULL,
  `PT` int(11) DEFAULT NULL,
  `PE` int(11) DEFAULT NULL,
  `Tiro` int(11) DEFAULT NULL,
  `Aguante` int(11) DEFAULT NULL,
  `Fisico` int(11) DEFAULT NULL,
  `Control` int(11) DEFAULT NULL,
  `Defensa` int(11) DEFAULT NULL,
  `Rapidez` int(11) DEFAULT NULL,
  `Valor` int(11) DEFAULT NULL,
  `Elemento` varchar(50) DEFAULT NULL,
  `Posicion` varchar(50) DEFAULT NULL,
  PRIMARY KEY (`Id_J`)
) ENGINE=InnoDB DEFAULT CHARSET=utf8mb4 COLLATE=utf8mb4_general_ci;

-- Volcando datos para la tabla inadex.jugador: ~204 rows (aproximadamente)
INSERT INTO `jugador` (`Id_J`, `Nombre_J`, `PT`, `PE`, `Tiro`, `Aguante`, `Fisico`, `Control`, `Defensa`, `Rapidez`, `Valor`, `Elemento`, `Posicion`) VALUES
	(1, 'Feldt', 177, 206, 75, 78, 69, 68, 76, 75, 76, 'Bosque', 'PR'),
	(2, 'Under', 115, 121, 44, 42, 40, 40, 69, 48, 70, 'Bosque', 'PR'),
	(3, 'Waters', 101, 151, 52, 54, 48, 51, 52, 45, 45, 'Bosque', 'DF'),
	(4, 'Good', 117, 134, 44, 48, 44, 48, 55, 44, 45, 'Bosque', 'DF'),
	(5, 'Stronger', 121, 145, 44, 52, 46, 46, 52, 47, 52, 'Fuego', 'DF'),
	(6, 'Marvel', 108, 143, 44, 50, 53, 52, 48, 49, 51, 'Montaña', 'DF'),
	(7, 'Leading', 112, 140, 52, 52, 52, 44, 47, 50, 48, 'Aire', 'DF'),
	(8, 'Stiller', 117, 134, 53, 46, 45, 47, 52, 44, 53, 'Aire', 'MD'),
	(9, 'Oughtry', 113, 127, 55, 44, 52, 45, 45, 46, 48, 'Montaña', 'MD'),
	(10, 'Tell', 109, 145, 44, 44, 53, 48, 46, 45, 47, 'Bosque', 'MD'),
	(11, 'Rock', 112, 149, 51, 47, 46, 46, 48, 48, 52, 'Fuego', 'MD'),
	(12, 'Kind', 109, 134, 49, 53, 53, 48, 51, 48, 46, 'Bosque', 'MD'),
	(13, 'Buster', 113, 125, 55, 50, 46, 52, 49, 48, 49, 'Fuego', 'MD'),
	(14, 'Mooney', 101, 138, 53, 53, 49, 54, 50, 55, 46, 'Fuego', 'DL'),
	(15, 'Seller', 113, 132, 55, 45, 50, 50, 49, 55, 46, 'Aire', 'DL'),
	(16, 'Turner', 108, 121, 48, 50, 48, 52, 52, 44, 45, 'Fuego', 'DL'),
	(17, 'Greeny', 109, 169, 50, 64, 53, 60, 73, 53, 77, 'Fuego', 'PR'),
	(18, 'Mower', 164, 189, 46, 61, 56, 41, 72, 62, 60, 'Montaña', 'PR'),
	(19, 'Sherman', 116, 176, 49, 70, 60, 62, 79, 52, 56, 'Fuego', 'DF'),
	(20, 'Hillvalley', 108, 187, 40, 66, 56, 52, 79, 63, 53, 'Montaña', 'DF'),
	(21, 'Lively', 116, 182, 47, 63, 57, 44, 73, 56, 54, 'Bosque', 'DF'),
	(22, 'Hayseed', 128, 193, 42, 68, 56, 52, 77, 58, 61, 'Montaña', 'DF'),
	(23, 'Grower', 113, 187, 53, 68, 53, 44, 76, 61, 61, 'Montaña', 'DF'),
	(24, 'Nevis', 120, 195, 52, 64, 56, 51, 70, 59, 53, 'Aire', 'DF'),
	(25, 'Work', 109, 171, 44, 65, 57, 54, 70, 54, 60, 'Bosque', 'DF'),
	(26, 'Howells', 117, 171, 48, 60, 62, 54, 75, 54, 56, 'Aire', 'DF'),
	(27, 'Milky', 100, 178, 40, 63, 54, 54, 68, 56, 56, 'Montaña', 'MD'),
	(28, 'Dawson', 108, 187, 57, 66, 55, 56, 75, 64, 76, 'Aire', 'MD'),
	(29, 'Spray', 125, 169, 71, 66, 70, 46, 72, 62, 71, 'Fuego', 'MD'),
	(30, 'Mother', 116, 180, 42, 60, 55, 63, 76, 53, 55, 'Bosque', 'MD'),
	(31, 'Roast', 104, 193, 63, 61, 58, 52, 73, 71, 70, 'Montaña', 'MD'),
	(32, 'Muffs', 101, 165, 56, 63, 62, 62, 74, 66, 72, 'Bosque', 'DL'),
	(33, 'Herman Muller', 109, 143, 40, 46, 50, 44, 47, 44, 45, 'Aire', 'PR'),
	(34, 'Bart Grantham', 180, 101, 38, 29, 35, 29, 66, 28, 64, 'Bosque', 'PR'),
	(35, 'Izzy Island', 65, 136, 42, 48, 40, 48, 41, 41, 44, 'Bosque', 'DF'),
	(36, 'Robert Silver', 73, 125, 46, 48, 41, 51, 44, 41, 44, 'Aire', 'DF'),
	(37, 'Sothern Newman', 60, 127, 45, 49, 44, 48, 60, 43, 47, 'Montaña', 'DF'),
	(38, 'Keth Claus', 84, 112, 41, 40, 41, 48, 40, 60, 46, 'Aire', 'DF'),
	(39, 'Irwin Hall', 69, 162, 40, 40, 48, 51, 43, 41, 41, 'Bosque', 'MD'),
	(40, 'Mitch Grumble', 65, 110, 48, 46, 48, 43, 48, 40, 41, 'Aire', 'MD'),
	(41, 'Taylor Higgins', 65, 134, 44, 48, 43, 50, 48, 40, 40, 'Aire', 'MD'),
	(42, 'Michael Riverside', 77, 138, 51, 43, 46, 50, 49, 40, 48, 'Montaña', 'MD'),
	(43, 'Jamie Cool', 76, 162, 47, 52, 40, 44, 48, 52, 51, 'Aire', 'MD'),
	(44, 'Karl Blue', 76, 114, 46, 46, 48, 47, 44, 51, 48, 'Montaña', 'MD'),
	(45, 'Theakston Plank', 80, 121, 48, 41, 50, 42, 45, 58, 51, 'Aire', 'DL'),
	(46, 'Hans Randall', 65, 169, 64, 56, 40, 40, 51, 48, 44, 'Fuego', 'DL'),
	(47, 'Ken Cake', 88, 123, 49, 49, 40, 40, 40, 51, 46, 'Montaña', 'DL'),
	(48, 'Maddie Moonlight', 148, 167, 44, 40, 40, 60, 42, 51, 46, 'Bosque', 'DL'),
	(49, 'Mask', 156, 165, 58, 60, 56, 70, 68, 56, 68, 'Aire', 'PR'),
	(50, 'Zombie', 156, 200, 47, 74, 46, 50, 40, 51, 56, 'Montaña', 'PR'),
	(51, 'Styx', 137, 140, 60, 65, 53, 60, 52, 63, 58, 'Bosque', 'DF'),
	(52, 'Franky', 156, 151, 55, 61, 59, 47, 70, 52, 48, 'Montaña', 'DF'),
	(53, 'Undead', 132, 187, 52, 79, 58, 56, 61, 56, 53, 'Fuego', 'DF'),
	(54, 'Creepy', 152, 151, 52, 54, 54, 57, 57, 60, 63, 'Aire', 'DF'),
	(55, 'Jiangshi', 136, 145, 55, 61, 62, 60, 52, 56, 62, 'Aire', 'MD'),
	(56, 'Mummy', 137, 187, 54, 75, 52, 60, 52, 62, 61, 'Bosque', 'MD'),
	(57, 'Grave', 144, 180, 57, 56, 65, 60, 52, 71, 55, 'Fuego', 'MD'),
	(58, 'Wolfy', 153, 211, 61, 69, 70, 77, 52, 79, 67, 'Fuego', 'MD'),
	(59, 'Ghost', 100, 143, 55, 56, 50, 54, 44, 48, 54, 'Bosque', 'MD'),
	(60, 'Blood', 152, 184, 68, 62, 52, 52, 51, 56, 60, 'Montaña', 'MD'),
	(61, 'Dollman', 104, 129, 52, 53, 53, 45, 48, 49, 55, 'Bosque', 'DL'),
	(62, 'Noir', 120, 121, 52, 58, 45, 48, 52, 52, 45, 'Bosque', 'DL'),
	(63, 'Alien', 112, 149, 48, 55, 51, 51, 50, 48, 44, 'Aire', 'DL'),
	(64, 'Talisman', 165, 171, 62, 62, 64, 56, 48, 60, 63, 'Bosque', 'DL'),
	(65, 'Idol', 161, 165, 60, 45, 58, 54, 55, 58, 67, 'Montaña', 'PR'),
	(66, 'Eldorado', 144, 158, 49, 28, 63, 61, 69, 43, 49, 'Fuego', 'PR'),
	(67, 'Train', 152, 149, 61, 41, 60, 53, 56, 52, 54, 'Fuego', 'DF'),
	(68, 'Vox', 144, 162, 48, 50, 55, 57, 51, 44, 47, 'Viento', 'DF'),
	(69, 'Cosplay', 152, 149, 59, 40, 52, 56, 58, 56, 62, 'Montaña', 'DF'),
	(70, 'Formby', 137, 158, 54, 48, 58, 61, 45, 46, 51, 'Montaña', 'DF'),
	(71, 'Net', 141, 143, 44, 51, 62, 54, 48, 44, 49, 'Bosque', 'DF'),
	(72, 'Hero', 132, 158, 62, 50, 62, 61, 55, 56, 71, 'Fuego', 'MD'),
	(73, 'Signalman', 137, 151, 54, 48, 56, 55, 52, 53, 59, 'Viento', 'MD'),
	(74, 'Robot', 137, 167, 60, 41, 60, 52, 58, 54, 66, 'Viento', 'MD'),
	(75, 'Novel', 164, 154, 60, 44, 55, 56, 58, 61, 61, 'Bosque', 'MD'),
	(76, 'Online', 133, 158, 54, 44, 56, 56, 62, 55, 60, 'Bosque', 'DL'),
	(77, 'Custom', 152, 171, 58, 47, 62, 52, 61, 54, 59, 'Viento', 'DL'),
	(78, 'Gamer', 137, 173, 58, 45, 60, 59, 52, 55, 69, 'Fuego', 'DL'),
	(79, 'Artist', 149, 143, 52, 51, 56, 58, 63, 53, 64, 'Viento', 'DL'),
	(80, 'Arcade', 152, 147, 57, 47, 57, 55, 56, 52, 60, 'Bosque', 'DL'),
	(81, 'Mark Evans', 184, 191, 72, 69, 72, 70, 77, 68, 79, 'Montaña', 'PR'),
	(82, 'Jack Wallside', 165, 206, 62, 54, 68, 62, 66, 49, 54, 'Montaña', 'DF'),
	(83, 'Jim Wraith', 140, 195, 58, 62, 53, 75, 59, 53, 60, 'Bosque', 'DF'),
	(84, 'Bobby Shearer', 176, 202, 76, 72, 61, 72, 76, 60, 72, 'Bosque', 'DF'),
	(85, 'Tod Ironside', 161, 184, 54, 56, 55, 53, 56, 59, 65, 'Fuego', 'DF'),
	(86, 'Nathan Swift', 156, 169, 64, 58, 58, 68, 54, 76, 56, 'Aire', 'DF'),
	(87, 'Steve Grim', 144, 154, 62, 71, 64, 71, 64, 71, 71, 'Aire', 'MD'),
	(88, 'Tim Saunders', 149, 156, 63, 48, 76, 61, 60, 55, 58, 'Bosque', 'MD'),
	(89, 'Sam Kincaid', 136, 167, 71, 56, 57, 56, 56, 52, 76, 'Fuego', 'MD'),
	(90, 'Jude Sharp', 180, 191, 63, 76, 79, 79, 79, 76, 68, 'Aire', 'MD'),
	(91, 'Maxwell Carson', 160, 156, 60, 56, 56, 78, 64, 60, 62, 'Aire', 'DL'),
	(92, 'Kevin Dragonfly', 144, 195, 71, 64, 60, 59, 61, 60, 70, 'Bosque', 'DL'),
	(93, 'Axel Blaze', 176, 200, 79, 68, 66, 76, 64, 72, 60, 'Fuego', 'DL'),
	(94, 'William Glass', 168, 147, 56, 53, 51, 68, 57, 56, 60, 'Bosque', 'DL'),
	(95, 'Hairtown', 173, 202, 70, 60, 65, 65, 62, 73, 71, 'Aire', 'DF'),
	(96, 'Steaky', 173, 193, 62, 67, 75, 78, 68, 68, 68, 'Montaña', 'DF'),
	(97, 'MacHines', 173, 213, 68, 68, 68, 75, 71, 76, 73, 'Fuego', 'DF'),
	(98, 'Foreman', 149, 193, 76, 72, 72, 64, 64, 68, 70, 'Montaña', 'MD'),
	(99, 'Butler', 184, 215, 72, 69, 71, 69, 70, 74, 78, 'Bosque', 'MD'),
	(100, 'Nathaniel', 172, 209, 64, 66, 73, 73, 75, 71, 65, 'Bosque', 'MD'),
	(101, 'Suffolk', 172, 209, 71, 68, 68, 70, 69, 77, 68, 'Fuego', 'MD'),
	(102, 'Tailor', 197, 200, 73, 72, 72, 76, 76, 79, 70, 'Montaña', 'MD'),
	(103, 'Gladstone', 177, 187, 68, 63, 66, 68, 60, 72, 69, 'Fuego', 'MD'),
	(104, 'Heart', 181, 209, 60, 65, 62, 66, 63, 72, 64, 'Aire', 'DL'),
	(105, 'Poe', 173, 217, 64, 64, 68, 79, 70, 69, 69, 'Bosque', 'DL'),
	(106, 'Barista', 189, 191, 62, 72, 72, 72, 76, 65, 65, 'Aire', 'DL'),
	(107, 'Builder', 173, 195, 69, 77, 69, 64, 60, 63, 64, 'Fuego', 'DL'),
	(108, 'Hillman', 300, 285, 79, 94, 74, 69, 79, 74, 99, 'Montaña', 'PR'),
	(109, 'Island', 240, 240, 79, 79, 89, 99, 94, 79, 74, 'Bosque', 'DF'),
	(110, 'Sweet', 255, 300, 99, 99, 99, 69, 79, 69, 79, 'Montaña', 'DF'),
	(111, 'Joe King', 153, 200, 72, 74, 75, 69, 72, 55, 60, 'Fuego', 'PR'),
	(112, 'Bob Carlton', 170, 147, 58, 62, 55, 63, 54, 45, 70, 'Bosque', 'PR'),
	(113, 'Peter Drent', 144, 165, 71, 59, 54, 67, 64, 44, 62, 'Montaña', 'DF'),
	(114, 'Ben Simmons', 169, 191, 68, 70, 63, 72, 60, 69, 69, 'Bosque', 'DF'),
	(115, 'Gus Martin', 149, 189, 76, 66, 67, 73, 67, 63, 63, 'Bosque', 'DF'),
	(116, 'Alan Master', 168, 165, 64, 62, 64, 72, 69, 64, 66, 'Aire', 'MD'),
	(117, 'John Bloom', 153, 195, 61, 54, 71, 67, 70, 71, 62, 'Fuego', 'MD'),
	(118, 'Derek Swing', 184, 171, 70, 60, 56, 76, 59, 69, 61, 'Aire', 'MD'),
	(119, 'Herman Waldon', 188, 189, 76, 57, 64, 72, 79, 70, 69, 'Aire', 'MD'),
	(120, 'Barry Potts', 136, 171, 53, 60, 52, 54, 56, 52, 44, 'Aire', 'MD'),
	(121, 'Cliff Tomlinson', 157, 149, 53, 52, 60, 52, 61, 54, 53, 'Aire', 'DL'),
	(122, 'Steve Ingham', 133, 169, 61, 54, 53, 57, 52, 47, 46, 'Montaña', 'DL'),
	(123, 'Jim Lawrenson', 137, 167, 54, 56, 57, 57, 63, 53, 55, 'Aire', 'DL'),
	(124, 'David Samford', 193, 193, 70, 67, 60, 78, 66, 66, 71, 'Bosque', 'DL'),
	(125, 'Daniel Hatch', 133, 184, 75, 61, 69, 68, 68, 78, 64, 'Bosque', 'DL'),
	(126, 'Hood', 164, 167, 53, 55, 59, 44, 64, 52, 62, 'Bosque', 'PR'),
	(127, 'Castle', 132, 156, 53, 52, 60, 52, 68, 52, 52, 'Aire', 'PR'),
	(128, 'Bandit', 149, 151, 54, 58, 53, 57, 56, 55, 63, 'Fuego', 'DF'),
	(129, 'Crackshot', 129, 169, 62, 60, 61, 56, 60, 55, 63, 'Montaña', 'DF'),
	(130, 'Hopper', 136, 145, 52, 61, 58, 62, 62, 55, 54, 'Montaña', 'DF'),
	(131, 'Hillfort', 141, 147, 55, 63, 62, 60, 53, 54, 61, 'Aire', 'DF'),
	(132, 'Thunder', 153, 145, 63, 57, 60, 63, 62, 54, 60, 'Montaña', 'DF'),
	(133, 'Cleats', 140, 176, 56, 68, 61, 53, 56, 69, 59, 'Aire', 'MD'),
	(134, 'Spook', 132, 165, 56, 55, 56, 52, 63, 64, 62, 'Aire', 'MD'),
	(135, 'Trops', 144, 145, 58, 57, 61, 69, 55, 59, 54, 'Bosque', 'MD'),
	(136, 'Star', 133, 156, 53, 65, 63, 59, 56, 47, 60, 'Aire', 'MD'),
	(137, 'Hattori', 140, 160, 60, 60, 55, 59, 44, 60, 56, 'Bosque', 'MD'),
	(138, 'Code', 152, 176, 60, 68, 56, 60, 57, 54, 61, 'Montaña', 'MD'),
	(139, 'Samurai', 176, 160, 60, 60, 60, 60, 60, 56, 53, 'Bosque', 'DL'),
	(140, 'Ronin', 137, 171, 62, 54, 56, 56, 53, 60, 57, 'Aire', 'DL'),
	(141, 'Cloak', 180, 180, 52, 68, 61, 61, 54, 60, 55, 'Fuego', 'DL'),
	(142, 'Yuma', 80, 129, 44, 46, 44, 43, 56, 49, 45, 'Montaña', 'PR'),
	(143, 'Holmes', 174, 81, 34, 31, 28, 34, 64, 39, 77, 'Bosque', 'PR'),
	(144, 'Daltry', 60, 114, 44, 40, 45, 49, 51, 49, 43, 'Bosque', 'DF'),
	(145, 'Lovely', 85, 138, 49, 51, 44, 44, 44, 44, 44, 'Aire', 'DF'),
	(146, 'Fielding', 81, 121, 44, 44, 49, 48, 51, 48, 40, 'Bosque', 'DF'),
	(147, 'Knuckles', 72, 136, 60, 48, 52, 51, 41, 41, 49, 'Fuego', 'DF'),
	(148, 'Crumb', 72, 121, 40, 48, 44, 44, 43, 44, 45, 'Montaña', 'DF'),
	(149, 'Stager', 81, 129, 40, 50, 49, 44, 51, 49, 51, 'Bosque', 'DF'),
	(150, 'Sheldon', 84, 127, 42, 40, 48, 45, 53, 42, 43, 'Montaña', 'DF'),
	(151, 'Squirrel', 137, 129, 43, 45, 44, 50, 45, 47, 44, 'Aire', 'MD'),
	(152, 'Sandstone', 61, 125, 54, 46, 58, 41, 48, 45, 51, 'Fuego', 'MD'),
	(153, 'Riversong', 61, 121, 40, 42, 50, 50, 48, 40, 47, 'Montaña', 'MD'),
	(154, 'Prentice', 73, 116, 46, 48, 46, 56, 44, 42, 49, 'Montaña', 'DL'),
	(155, 'Baughan', 68, 116, 45, 51, 41, 46, 48, 40, 44, 'Aire', 'DL'),
	(156, 'Ingram', 113, 149, 44, 57, 71, 52, 74, 47, 78, 'Fuego', 'PR'),
	(157, 'Banker', 122, 138, 50, 45, 45, 51, 63, 50, 75, 'Aire', 'PR'),
	(158, 'Sefton', 109, 151, 53, 54, 49, 61, 54, 67, 55, 'Aire', 'DF'),
	(159, 'Caperock', 113, 140, 54, 48, 50, 46, 45, 58, 53, 'Aire', 'DF'),
	(160, 'Strike', 109, 132, 48, 51, 50, 64, 47, 56, 53, 'Fuego', 'DF'),
	(161, 'Chops', 120, 136, 62, 55, 63, 55, 44, 53, 49, 'Bosque', 'DF'),
	(162, 'Mildford', 112, 145, 45, 52, 56, 44, 60, 44, 46, 'Montaña', 'DF'),
	(163, 'Molehill', 113, 123, 53, 49, 48, 68, 48, 55, 46, 'Aire', 'DF'),
	(164, 'Most', 165, 191, 65, 61, 60, 60, 68, 63, 64, 'Montaña', 'DF'),
	(165, 'Chaney', 121, 136, 46, 48, 48, 48, 45, 66, 49, 'Bosque', 'MD'),
	(166, 'Rhymes', 140, 140, 47, 45, 48, 52, 53, 46, 48, 'Aire', 'MD'),
	(167, 'Tunk', 109, 145, 55, 47, 53, 44, 62, 55, 54, 'Fuego', 'MD'),
	(168, 'Morefield', 129, 167, 59, 52, 56, 58, 52, 48, 72, 'Aire', 'MD'),
	(169, 'Scott', 109, 129, 44, 52, 52, 47, 50, 55, 44, 'Bosque', 'MD'),
	(170, 'Cyborg', 165, 123, 49, 56, 55, 63, 51, 51, 65, 'Bosque', 'DL'),
	(171, 'Boar', 100, 217, 68, 62, 44, 44, 69, 60, 69, 'Fuego', 'PR'),
	(172, 'Bullford', 174, 171, 41, 51, 68, 48, 77, 31, 64, 'Fuego', 'PR'),
	(173, 'Toad', 109, 167, 48, 57, 52, 48, 48, 54, 50, 'Bosque', 'DF'),
	(174, 'Fishman', 113, 167, 52, 62, 64, 51, 51, 51, 51, 'Bosque', 'DF'),
	(175, 'Raccoon', 121, 123, 53, 44, 53, 53, 44, 51, 47, 'Bosque', 'DF'),
	(176, 'Lion', 113, 195, 78, 69, 52, 47, 64, 55, 68, 'Montaña', 'DF'),
	(177, 'Monkey', 100, 184, 54, 52, 64, 51, 48, 53, 54, 'Aire', 'MD'),
	(178, 'Chameleon', 101, 176, 44, 60, 45, 45, 55, 53, 48, 'Aire', 'MD'),
	(179, 'Mouseman', 112, 158, 42, 54, 50, 52, 44, 79, 45, 'Montaña', 'MD'),
	(180, 'Koala', 112, 132, 52, 46, 45, 53, 51, 48, 49, 'Bosque', 'MD'),
	(181, 'Chicken', 101, 189, 44, 67, 52, 56, 46, 64, 54, 'Fuego', 'MD'),
	(182, 'Eagle', 148, 193, 61, 71, 68, 62, 52, 68, 68, 'Aire', 'MD'),
	(183, 'Panda', 132, 123, 52, 51, 51, 48, 52, 52, 46, 'Fuego', 'DL'),
	(184, 'Cheetah', 133, 195, 63, 42, 47, 69, 55, 79, 47, 'Aire', 'DL'),
	(185, 'Gorilla', 108, 191, 78, 52, 66, 49, 64, 54, 67, 'Montaña', 'DL'),
	(186, 'Snake', 112, 184, 55, 65, 63, 62, 49, 55, 45, 'Bosque', 'DL'),
	(187, 'Icarus', 149, 182, 71, 71, 67, 66, 79, 44, 64, 'Aire', 'PR'),
	(188, 'Apollo', 144, 136, 79, 48, 79, 62, 73, 53, 55, 'Bosque', 'DF'),
	(189, 'Hephestus', 156, 171, 60, 64, 64, 78, 69, 70, 62, 'Fuego', 'DF'),
	(190, 'Ares', 153, 138, 71, 57, 79, 70, 72, 56, 60, 'Montaña', 'DF'),
	(191, 'Dionysus', 124, 136, 62, 53, 68, 66, 79, 50, 64, 'Aire', 'DF'),
	(192, 'Heracles', 64, 192, 63, 71, 60, 66, 79, 69, 65, 'Fuego', 'DF'),
	(193, 'Chronos', 169, 178, 48, 61, 66, 62, 79, 63, 66, 'Bosque', 'DF'),
	(194, 'Artemis', 184, 127, 62, 45, 66, 76, 67, 44, 58, 'Aire', 'MD'),
	(195, 'Medusa', 152, 173, 69, 62, 78, 79, 67, 63, 62, 'Montaña', 'MD'),
	(196, 'Hera', 165, 193, 48, 70, 68, 60, 67, 64, 60, 'Fuego', 'MD'),
	(197, 'Hermes', 180, 162, 56, 62, 69, 69, 68, 57, 62, 'Bosque', 'MD'),
	(198, 'Athena', 132, 187, 60, 64, 76, 64, 63, 71, 77, 'Bosque', 'DL'),
	(199, 'Demeter', 149, 151, 77, 63, 64, 79, 56, 68, 68, 'Fuego', 'DL'),
	(200, 'Achilles', 165, 191, 78, 60, 69, 61, 50, 65, 70, 'Montaña', 'DL'),
	(201, 'Aphrodite', 184, 167, 79, 68, 69, 77, 70, 72, 67, 'Bosque', 'MD'),
	(202, 'Poseidon', 120, 145, 79, 74, 79, 71, 79, 44, 76, 'Montaña', 'PR'),
	(203, 'Edmonds', 143, 124, 60, 68, 45, 51, 44, 54, 71, 'Fuego', 'DL'),
	(204, 'Porter', 123, 143, 77, 54, 76, 45, 65, 56, 55, 'Montsñs', 'DF');

-- Volcando estructura para tabla inadex.jugador_tecnica
CREATE TABLE IF NOT EXISTS `jugador_tecnica` (
  `jugador_id` int(11) DEFAULT NULL,
  `tecnica_id` int(11) DEFAULT NULL,
  KEY `FK_jugador_tecnica_jugador` (`jugador_id`) USING BTREE,
  KEY `FK_jugador_tecnica_tecnicas` (`tecnica_id`),
  CONSTRAINT `FK_jugador_tecnica_jugador` FOREIGN KEY (`jugador_id`) REFERENCES `jugador` (`Id_J`) ON DELETE NO ACTION ON UPDATE NO ACTION,
  CONSTRAINT `FK_jugador_tecnica_tecnicas` FOREIGN KEY (`tecnica_id`) REFERENCES `tecnicas` (`id`) ON DELETE NO ACTION ON UPDATE NO ACTION
) ENGINE=InnoDB DEFAULT CHARSET=utf8mb4 COLLATE=utf8mb4_general_ci;

-- Volcando datos para la tabla inadex.jugador_tecnica: ~815 rows (aproximadamente)
INSERT INTO `jugador_tecnica` (`jugador_id`, `tecnica_id`) VALUES
	(1, 101),
	(1, 54),
	(1, 55),
	(1, 47),
	(2, 48),
	(2, 79),
	(2, 47),
	(2, 27),
	(3, 77),
	(3, 47),
	(3, 96),
	(3, 6),
	(4, 47),
	(4, 48),
	(4, 79),
	(4, 98),
	(5, 47),
	(5, 48),
	(5, 79),
	(5, 23),
	(6, 47),
	(6, 93),
	(6, 48),
	(6, 35),
	(7, 47),
	(7, 11),
	(7, 48),
	(7, 96),
	(8, 48),
	(8, 103),
	(8, 15),
	(8, 31),
	(9, 79),
	(9, 14),
	(9, 47),
	(9, 96),
	(10, 48),
	(10, 79),
	(10, 47),
	(10, 13),
	(11, 97),
	(11, 96),
	(11, 47),
	(11, 102),
	(12, 47),
	(12, 79),
	(12, 48),
	(12, 34),
	(13, 48),
	(13, 93),
	(13, 47),
	(13, 102),
	(14, 96),
	(14, 41),
	(14, 97),
	(14, 94),
	(15, 79),
	(15, 48),
	(15, 47),
	(15, 38),
	(16, 96),
	(16, 48),
	(16, 38),
	(16, 47),
	(17, 98),
	(17, 99),
	(17, 77),
	(17, 13),
	(18, 6),
	(18, 13),
	(18, 7),
	(18, 23),
	(19, 21),
	(19, 3),
	(19, 13),
	(19, 77),
	(20, 21),
	(20, 78),
	(20, 77),
	(20, 77),
	(21, 77),
	(21, 20),
	(21, 63),
	(21, 21),
	(22, 13),
	(22, 23),
	(22, 37),
	(22, 28),
	(23, 8),
	(23, 45),
	(23, 13),
	(23, 58),
	(24, 49),
	(24, 47),
	(24, 88),
	(24, 58),
	(25, 13),
	(25, 15),
	(25, 42),
	(25, 23),
	(26, 15),
	(26, 13),
	(26, 75),
	(26, 30),
	(27, 58),
	(27, 21),
	(27, 45),
	(27, 41),
	(28, 8),
	(28, 28),
	(28, 99),
	(28, 50),
	(29, 23),
	(29, 58),
	(29, 76),
	(29, 108),
	(30, 8),
	(30, 44),
	(30, 6),
	(30, 45),
	(31, 28),
	(31, 37),
	(31, 8),
	(31, 44),
	(32, 44),
	(32, 58),
	(32, 42),
	(32, 13),
	(33, 81),
	(33, 54),
	(33, 33),
	(33, 82),
	(34, 18),
	(34, 22),
	(34, 90),
	(34, 85),
	(35, 22),
	(35, 48),
	(35, 47),
	(35, 64),
	(36, 14),
	(36, 32),
	(36, 33),
	(36, 11),
	(37, 6),
	(37, 7),
	(37, 81),
	(37, 85),
	(38, 83),
	(38, 84),
	(38, 20),
	(38, 11),
	(39, 18),
	(39, 32),
	(39, 86),
	(39, 11),
	(40, 26),
	(40, 29),
	(40, 58),
	(40, 13),
	(41, 18),
	(41, 10),
	(41, 29),
	(41, 34),
	(42, 83),
	(42, 15),
	(42, 88),
	(42, 21),
	(43, 87),
	(43, 14),
	(43, 15),
	(43, 65),
	(44, 14),
	(44, 59),
	(44, 33),
	(44, 11),
	(45, 19),
	(45, 22),
	(45, 44),
	(45, 23),
	(46, 83),
	(46, 19),
	(46, 29),
	(46, 36),
	(47, 25),
	(47, 77),
	(47, 78),
	(47, 91),
	(48, 19),
	(48, 18),
	(48, 87),
	(48, 89),
	(49, 50),
	(49, 51),
	(49, 42),
	(49, 52),
	(50, 77),
	(50, 61),
	(50, 58),
	(50, 78),
	(51, 57),
	(51, 58),
	(51, 59),
	(51, 60),
	(52, 53),
	(52, 54),
	(52, 55),
	(52, 56),
	(53, 61),
	(53, 60),
	(53, 59),
	(53, 13),
	(54, 61),
	(54, 62),
	(54, 57),
	(54, 33),
	(55, 57),
	(55, 59),
	(55, 62),
	(55, 51),
	(56, 57),
	(56, 63),
	(56, 64),
	(56, 51),
	(57, 59),
	(57, 13),
	(57, 60),
	(57, 65),
	(58, 62),
	(58, 60),
	(58, 75),
	(58, 76),
	(59, 57),
	(59, 35),
	(59, 78),
	(59, 51),
	(60, 60),
	(60, 62),
	(60, 63),
	(60, 35),
	(61, 60),
	(61, 59),
	(61, 61),
	(61, 54),
	(62, 59),
	(62, 79),
	(62, 61),
	(62, 80),
	(63, 19),
	(63, 79),
	(63, 23),
	(63, 57),
	(64, 58),
	(64, 60),
	(64, 31),
	(64, 65),
	(81, 1),
	(81, 3),
	(81, 4),
	(81, 5),
	(82, 6),
	(82, 7),
	(82, 8),
	(82, 9),
	(83, 10),
	(83, 11),
	(83, 12),
	(83, 13),
	(86, 14),
	(86, 15),
	(86, 16),
	(86, 17),
	(85, 18),
	(85, 19),
	(85, 20),
	(85, 21),
	(88, 22),
	(88, 23),
	(88, 17),
	(88, 24),
	(91, 15),
	(91, 25),
	(91, 26),
	(91, 27),
	(87, 28),
	(87, 29),
	(87, 30),
	(87, 31),
	(89, 3),
	(89, 32),
	(89, 33),
	(89, 34),
	(92, 36),
	(92, 37),
	(92, 29),
	(92, 35),
	(93, 38),
	(93, 39),
	(93, 40),
	(93, 15),
	(84, 41),
	(84, 42),
	(84, 27),
	(84, 43),
	(94, 47),
	(94, 48),
	(94, 49),
	(94, 18),
	(65, 106),
	(65, 81),
	(65, 90),
	(65, 53),
	(66, 44),
	(66, 36),
	(66, 78),
	(66, 97),
	(67, 33),
	(67, 79),
	(67, 29),
	(67, 94),
	(68, 33),
	(68, 14),
	(68, 47),
	(68, 30),
	(69, 94),
	(69, 33),
	(69, 98),
	(69, 106),
	(70, 61),
	(70, 90),
	(70, 64),
	(70, 54),
	(71, 47),
	(71, 59),
	(71, 40),
	(71, 91),
	(72, 33),
	(72, 97),
	(72, 19),
	(72, 93),
	(73, 32),
	(73, 10),
	(73, 45),
	(73, 96),
	(74, 32),
	(74, 94),
	(74, 10),
	(74, 84),
	(75, 33),
	(75, 94),
	(75, 83),
	(75, 32),
	(76, 32),
	(76, 57),
	(76, 47),
	(76, 48),
	(77, 97),
	(77, 32),
	(77, 30),
	(77, 31),
	(78, 94),
	(78, 32),
	(78, 33),
	(78, 86),
	(79, 32),
	(79, 94),
	(79, 61),
	(79, 42),
	(80, 19),
	(80, 32),
	(80, 91),
	(80, 94),
	(95, 29),
	(95, 10),
	(95, 40),
	(95, 42),
	(97, 47),
	(97, 20),
	(97, 48),
	(97, 63),
	(98, 37),
	(98, 105),
	(98, 8),
	(98, 83),
	(104, 48),
	(104, 23),
	(104, 49),
	(104, 104),
	(105, 48),
	(105, 59),
	(105, 51),
	(105, 80),
	(107, 6),
	(107, 38),
	(107, 45),
	(107, 46),
	(101, 29),
	(101, 93),
	(101, 20),
	(101, 48),
	(109, 60),
	(109, 87),
	(109, 15),
	(109, 49),
	(110, 62),
	(110, 91),
	(110, 74),
	(110, 26),
	(103, 91),
	(103, 30),
	(103, 34),
	(103, 77),
	(100, 29),
	(100, 94),
	(100, 48),
	(100, 85),
	(102, 48),
	(102, 47),
	(102, 3),
	(102, 68),
	(112, 30),
	(112, 36),
	(112, 94),
	(112, 37),
	(95, 30),
	(95, 46),
	(95, 23),
	(95, 95),
	(109, 30),
	(109, 29),
	(109, 79),
	(109, 87),
	(108, 1),
	(108, 94),
	(108, 62),
	(108, 97),
	(110, 107),
	(110, 108),
	(110, 87),
	(110, 45),
	(113, 26),
	(113, 98),
	(113, 102),
	(113, 9),
	(114, 97),
	(114, 30),
	(114, 26),
	(114, 91),
	(116, 41),
	(116, 26),
	(116, 93),
	(116, 45),
	(115, 41),
	(115, 17),
	(115, 47),
	(115, 48),
	(119, 41),
	(119, 97),
	(119, 80),
	(119, 30),
	(117, 41),
	(117, 97),
	(117, 84),
	(117, 31),
	(118, 17),
	(118, 31),
	(118, 41),
	(118, 80),
	(125, 41),
	(125, 84),
	(125, 80),
	(125, 65),
	(120, 26),
	(120, 44),
	(120, 34),
	(120, 109),
	(124, 41),
	(124, 17),
	(124, 89),
	(124, 49),
	(112, 98),
	(112, 83),
	(112, 96),
	(112, 21),
	(121, 3),
	(121, 41),
	(121, 97),
	(121, 34),
	(123, 97),
	(123, 25),
	(123, 84),
	(123, 87),
	(120, 41),
	(120, 22),
	(120, 7),
	(120, 23),
	(122, 58),
	(122, 57),
	(122, 87),
	(122, 19),
	(123, 97),
	(123, 25),
	(123, 84),
	(123, 87),
	(124, 41),
	(124, 17),
	(124, 89),
	(124, 49),
	(125, 41),
	(125, 84),
	(125, 80),
	(125, 65),
	(126, 52),
	(126, 17),
	(126, 24),
	(126, 51),
	(127, 10),
	(127, 57),
	(127, 107),
	(127, 52),
	(128, 77),
	(128, 13),
	(128, 33),
	(128, 8),
	(129, 13),
	(129, 17),
	(129, 32),
	(129, 105),
	(130, 77),
	(130, 100),
	(130, 103),
	(130, 75),
	(131, 12),
	(131, 64),
	(131, 13),
	(131, 24),
	(132, 77),
	(132, 63),
	(132, 13),
	(132, 64),
	(133, 20),
	(133, 105),
	(133, 12),
	(133, 75),
	(134, 61),
	(134, 12),
	(134, 64),
	(134, 13),
	(135, 87),
	(135, 34),
	(135, 35),
	(136, 17),
	(136, 60),
	(136, 61),
	(136, 24),
	(137, 12),
	(137, 24),
	(137, 14),
	(137, 13),
	(138, 64),
	(138, 12),
	(138, 65),
	(138, 43),
	(139, 24),
	(139, 15),
	(139, 13),
	(139, 16),
	(140, 93),
	(140, 14),
	(140, 24),
	(140, 12),
	(141, 105),
	(141, 63),
	(141, 12),
	(141, 16),
	(142, 90),
	(142, 104),
	(142, 55),
	(142, 77),
	(143, 3),
	(143, 83),
	(143, 31),
	(143, 78),
	(144, 10),
	(144, 18),
	(144, 82),
	(144, 33),
	(145, 59),
	(145, 12),
	(145, 13),
	(145, 66),
	(146, 59),
	(146, 12),
	(146, 13),
	(146, 66),
	(147, 77),
	(147, 78),
	(147, 98),
	(147, 8),
	(148, 15),
	(148, 22),
	(148, 11),
	(148, 105),
	(149, 58),
	(149, 33),
	(149, 94),
	(149, 13),
	(150, 77),
	(150, 50),
	(150, 104),
	(150, 42),
	(151, 83),
	(151, 62),
	(151, 41),
	(151, 23),
	(152, 3),
	(152, 36),
	(152, 94),
	(152, 97),
	(153, 3),
	(153, 83),
	(153, 93),
	(153, 34),
	(154, 93),
	(154, 40),
	(154, 34),
	(154, 15),
	(155, 3),
	(155, 23),
	(155, 96),
	(155, 29),
	(156, 92),
	(156, 44),
	(156, 52),
	(156, 27),
	(157, 44),
	(157, 19),
	(157, 60),
	(157, 84),
	(158, 45),
	(158, 22),
	(158, 23),
	(158, 64),
	(159, 41),
	(159, 90),
	(159, 42),
	(159, 94),
	(160, 15),
	(160, 28),
	(160, 42),
	(160, 91),
	(161, 10),
	(161, 42),
	(161, 20),
	(161, 30),
	(162, 47),
	(162, 62),
	(162, 33),
	(162, 48),
	(163, 28),
	(163, 14),
	(163, 12),
	(163, 34),
	(164, 83),
	(164, 7),
	(164, 77),
	(164, 81),
	(165, 3),
	(165, 93),
	(165, 94),
	(165, 27),
	(166, 18),
	(166, 22),
	(166, 21),
	(166, 35),
	(167, 25),
	(167, 59),
	(167, 97),
	(167, 88),
	(168, 14),
	(168, 44),
	(168, 93),
	(168, 31),
	(169, 47),
	(169, 62),
	(169, 33),
	(169, 48),
	(170, 95),
	(170, 48),
	(170, 29),
	(170, 96),
	(171, 76),
	(171, 98),
	(171, 55),
	(171, 7),
	(172, 78),
	(172, 90),
	(172, 76),
	(172, 77),
	(173, 41),
	(173, 83),
	(173, 33),
	(173, 28),
	(174, 15),
	(174, 45),
	(174, 18),
	(174, 21),
	(175, 7),
	(175, 3),
	(175, 78),
	(175, 11),
	(176, 7),
	(176, 78),
	(176, 56),
	(176, 21),
	(177, 20),
	(177, 88),
	(177, 10),
	(177, 75),
	(178, 15),
	(178, 12),
	(178, 11),
	(178, 58),
	(179, 33),
	(179, 32),
	(179, 58),
	(179, 12),
	(180, 88),
	(180, 20),
	(180, 21),
	(180, 26),
	(181, 83),
	(181, 87),
	(181, 65),
	(181, 99),
	(182, 100),
	(182, 87),
	(182, 26),
	(182, 99),
	(183, 41),
	(183, 18),
	(183, 23),
	(183, 97),
	(184, 88),
	(184, 83),
	(184, 93),
	(184, 24),
	(185, 88),
	(185, 7),
	(185, 32),
	(185, 94),
	(186, 95),
	(186, 29),
	(186, 91),
	(186, 64),
	(187, 87),
	(187, 36),
	(187, 45),
	(189, 77),
	(189, 79),
	(189, 94),
	(189, 38),
	(188, 77),
	(190, 53),
	(191, 9),
	(191, 29),
	(191, 102),
	(191, 70),
	(192, 9),
	(192, 77),
	(192, 105),
	(193, 15),
	(193, 27),
	(193, 44),
	(193, 88),
	(194, 36),
	(194, 7),
	(194, 51),
	(194, 99),
	(195, 22),
	(195, 65),
	(195, 31),
	(195, 80),
	(196, 18),
	(196, 53),
	(196, 12),
	(196, 41),
	(197, 24),
	(197, 38),
	(197, 59),
	(197, 92),
	(198, 33),
	(198, 17),
	(198, 70),
	(198, 56),
	(199, 11),
	(199, 25),
	(199, 47),
	(199, 84),
	(200, 29),
	(200, 63),
	(200, 90),
	(200, 14),
	(201, 21),
	(201, 58),
	(201, 35),
	(201, 77),
	(202, 42),
	(202, 19),
	(202, 2),
	(202, 73),
	(203, 83),
	(203, 44),
	(203, 45),
	(203, 45);

-- Volcando estructura para tabla inadex.tecnicas
CREATE TABLE IF NOT EXISTS `tecnicas` (
  `id` int(11) NOT NULL AUTO_INCREMENT,
  `nombre` varchar(100) DEFAULT NULL,
  `TP` int(11) DEFAULT NULL,
  `elemento` varchar(20) DEFAULT NULL,
  `tipo` varchar(20) DEFAULT NULL,
  PRIMARY KEY (`id`)
) ENGINE=InnoDB AUTO_INCREMENT=110 DEFAULT CHARSET=utf8mb4 COLLATE=utf8mb4_general_ci;

-- Volcando datos para la tabla inadex.tecnicas: ~109 rows (aproximadamente)
INSERT INTO `tecnicas` (`id`, `nombre`, `TP`, `elemento`, `tipo`) VALUES
	(1, 'Mano Celestial', 21, 'Tierra', 'Captura'),
	(2, 'Mano Celestial (Azul)', 21, 'Bosque', 'Captura'),
	(3, 'Tiro Granada', 17, 'Fuego', 'Tiro'),
	(4, 'Mano Mágica', 46, 'Tierra', 'Captura'),
	(5, 'Triple Defensa', 46, 'Tierra', 'Captura'),
	(6, 'El Muro', 25, 'Tierra', 'Bloqueo'),
	(7, 'Armadillo Supremo', 22, 'Tierra', 'Regate'),
	(8, 'Topo Falso', 30, 'Tierra', 'Regate'),
	(9, 'Mega Terremoto', 38, 'Tierra', 'Bloqueo'),
	(10, 'Giro Espiral', 15, 'Viento', 'Bloqueo'),
	(11, 'Media Vuelta', 17, 'Tierra', 'Bloqueo'),
	(12, 'Imagen Residual', 25, 'Bosque', 'Regate'),
	(13, 'Puntada Sombría', 33, 'Bosque', 'Bloqueo'),
	(14, 'Carrera Torbellino', 15, 'Viento', 'Regate'),
	(15, 'Saque Rápido', 15, 'Bosque', 'Bloqueo'),
	(16, 'Gallo de Fuego', 56, 'Fuego', 'Tiro'),
	(17, 'Clon Falso', 36, 'Bosque', 'Regate'),
	(18, 'Payaso Rodeo', 15, 'Viento', 'Regate'),
	(19, 'Tiro Cometa', 24, 'Viento', 'Tiro'),
	(20, 'Giro Mono', 17, 'Tierra', 'Regate'),
	(21, 'Corre Balón Corre', 33, 'Bosque', 'Tiro'),
	(22, 'Tornado Remolino', 17, 'Viento', 'Regate'),
	(23, 'Remate Kung Fu', 35, 'Bosque', 'Tiro'),
	(24, 'Tiro Clon', 51, 'Bosque', 'Tiro'),
	(25, 'Tiro Espiral', 20, 'Viento', 'Tiro'),
	(26, 'Balón Ilusión', 23, 'Bosque', 'Regate'),
	(27, 'Tornado Invertido', 35, 'Viento', 'Tiro'),
	(28, 'Patada Rodante', 17, 'Bosque', 'Tiro'),
	(29, 'Chispa Zigzag', 23, 'Viento', 'Regate'),
	(30, 'Ciclón', 32, 'Viento', 'Bloqueo'),
	(31, 'Tiro Congelante', 33, 'Bosque', 'Tiro'),
	(32, 'Despiste', 23, 'Tierra', 'Regate'),
	(33, 'Balón Falso', 25, 'Bosque', 'Bloqueo'),
	(34, 'Impulso Doble', 44, 'Fuego', 'Tiro'),
	(35, 'Infierno Rodante', 38, 'Tierra', 'Regate'),
	(36, 'Choque Dragón', 33, 'Bosque', 'Tiro'),
	(37, 'Tornado Dragón', 51, 'Fuego', 'Tiro'),
	(38, 'Tornado de Fuego', 33, 'Fuego', 'Tiro'),
	(39, 'Caída Inazuma', 44, 'Viento', 'Tiro'),
	(40, 'Entrada Caliente', 23, 'Fuego', 'Regate'),
	(41, 'Barrida Mortal', 10, 'Bosque', 'Bloqueo'),
	(42, 'Ataque Cuchilla', 23, 'Viento', 'Bloqueo'),
	(43, 'Flecha Huracán', 45, 'Viento', 'Bloqueo'),
	(44, 'Tiro Giratorio', 15, 'Viento', 'Tiro'),
	(45, 'Corte Giratorio', 30, 'Viento', 'Bloqueo'),
	(46, 'El Fénix', 70, 'Fuego', 'Tiro'),
	(47, 'Escaneo Defensivo', 22, 'Bosque', 'Bloqueo'),
	(48, 'Escaneo Ofensivo', 22, 'Bosque', 'Regate'),
	(49, 'Flechas Divinas', 56, 'Viento', 'Tiro'),
	(50, 'Cuchilla Mortal', 17, 'Bosque', 'Captura'),
	(51, 'Espacio Warp', 17, 'Bosque', 'Captura'),
	(52, 'Torbellino', 34, 'Viento', 'Captura'),
	(53, 'Puño Bola de Fuego', 17, 'Fuego', 'Captura'),
	(54, 'Puño Cohete', 27, 'Fuego', 'Captura'),
	(55, 'Puño Llameante', 36, 'Fuego', 'Captura'),
	(56, 'Contraataque', 43, 'Fuego', 'Captura'),
	(57, 'Tirón Fantasma', 17, 'Bosque', 'Bloqueo'),
	(58, 'Tiro Teleportador', 24, 'Tierra', 'Tiro'),
	(59, 'Magia Negra', 17, 'Bosque', 'Regate'),
	(60, 'Tiro Fantasma', 24, 'Bosque', 'Tiro'),
	(61, 'Doble Fantasma', 17, 'Bosque', 'Bloqueo'),
	(62, 'Magia', 17, 'Bosque', 'Regate'),
	(63, 'Niebla Venenosa', 17, 'Viento', 'Regate'),
	(64, 'Telaraña', 30, 'Bosque', 'Bloqueo'),
	(65, 'Corte Torbellino', 30, 'Viento', 'Regate'),
	(66, 'Patrón de Bambú', 45, 'Tierra', 'Bloqueo'),
	(67, 'Ruptura Astral', 20, 'Bosque', 'Tiro'),
	(68, 'Impulso Warp', 14, 'Bosque', 'Regate'),
	(69, 'Explosión Cósmica', 28, 'Bosque', 'Tiro'),
	(70, 'Ruptura Gaia', 31, 'Tierra', 'Tiro'),
	(71, 'Ruptura Fatal G2', 67, 'Tierra', 'Tiro'),
	(72, 'Lanza Fatal V3', 46, 'Bosque', 'Tiro'),
	(73, '¡Ponle Empeño!', 0, 'Habilidad', 'Habilidad'),
	(74, 'Campo de Fuerza', 57, 'Bosque', 'Regate'),
	(75, 'Salto Lunar', 22, 'Viento', 'Regate'),
	(76, 'Garra Salvaje', 27, 'Tierra', 'Captura'),
	(77, 'Pisotón Sumo', 15, 'Tierra', 'Bloqueo'),
	(78, 'Embestida de Cuerno', 17, 'Tierra', 'Bloqueo'),
	(79, 'Tiro Psíquico', 20, 'Bosque', 'Tiro'),
	(80, 'Zona Mortal', 59, 'Bosque', 'Tiro'),
	(81, 'Puño de Presión', 19, 'Fuego', 'Captura'),
	(82, 'Mistral', 27, 'Viento', 'Captura'),
	(83, 'Acelerador de Carrera', 15, 'Tierra', 'Regate'),
	(84, 'Tiro de Ira', 35, 'Bosque', 'Tiro'),
	(85, 'Muro Gigante', 50, 'Tierra', 'Captura'),
	(86, 'Conducción Brillante', 42, 'Fuego', 'Tiro'),
	(87, 'Tiro Halcón', 42, 'Viento', 'Tiro'),
	(88, 'Patada Tarzán', 20, 'Tierra', 'Tiro'),
	(89, 'Pingüino Emperador Nº2', 56, 'Bosque', 'Tiro'),
	(90, 'Bloqueo de Dureza', 17, 'Tierra', 'Captura'),
	(91, 'Conducción Cruzada', 33, 'Viento', 'Tiro'),
	(92, 'Atrapa Tornado', 19, 'Viento', 'Captura'),
	(93, 'Tiro Dinamita', 35, 'Fuego', 'Tiro'),
	(94, 'Bate de Valentía', 42, 'Fuego', 'Tiro'),
	(95, 'Tiro Serpiente', 17, 'Tierra', 'Tiro'),
	(96, 'Tiro Patriota', 33, 'Fuego', 'Tiro'),
	(97, 'Avance', 22, 'Fuego', 'Regate'),
	(98, 'Terremoto', 30, 'Tierra', 'Bloqueo'),
	(99, 'Planeador de Impulso', 50, 'Fuego', 'Regate'),
	(100, 'Zambullida Cóndor', 24, 'Viento', 'Tiro'),
	(101, 'Bolsillo de Tiro', 28, 'Bosque', 'Captura'),
	(102, 'Rompedor de Reflejos', 62, 'Tierra', 'Tiro'),
	(103, 'Ataque Meteoro', 24, 'Fuego', 'Tiro'),
	(104, 'Leñador', 19, 'Tierra', 'Captura'),
	(105, 'Balón de Tierra', 24, 'Tierra', 'Tiro'),
	(106, 'Portería Deslizante', 34, 'Tierra', 'Captura'),
	(107, 'Escudo de Poder', 27, 'Fuego', 'Captura'),
	(108, 'Escudo de Poder Total', 40, 'Fuego', 'Captura'),
	(109, 'Ruptura Inazuma', 46, 'Viento', 'Tiro');

-- Volcando estructura para tabla inadex.usuarios
CREATE TABLE IF NOT EXISTS `usuarios` (
  `Usuario` varchar(50) NOT NULL,
  `Nombre` varchar(50) DEFAULT NULL,
  `Apellido` varchar(50) DEFAULT NULL,
  `Correo` varchar(50) DEFAULT NULL,
  `Contrasena` varchar(50) DEFAULT NULL,
  PRIMARY KEY (`Usuario`)
) ENGINE=InnoDB DEFAULT CHARSET=utf8mb4 COLLATE=utf8mb4_general_ci;

-- Volcando datos para la tabla inadex.usuarios: ~0 rows (aproximadamente)
INSERT INTO `usuarios` (`Usuario`, `Nombre`, `Apellido`, `Correo`, `Contrasena`) VALUES
	('1234', '1234', '1234', '1234', '1234');

/*!40103 SET TIME_ZONE=IFNULL(@OLD_TIME_ZONE, 'system') */;
/*!40101 SET SQL_MODE=IFNULL(@OLD_SQL_MODE, '') */;
/*!40014 SET FOREIGN_KEY_CHECKS=IFNULL(@OLD_FOREIGN_KEY_CHECKS, 1) */;
/*!40101 SET CHARACTER_SET_CLIENT=@OLD_CHARACTER_SET_CLIENT */;
/*!40111 SET SQL_NOTES=IFNULL(@OLD_SQL_NOTES, 1) */;
